repeticao,etapa_id,camada,fase_iac,descricao,inicio_hhmmss,fim_hhmmss,segundos,erros_qtd,erros_descricao,consultou_documentacao,observacoes
1,M01,rede,terraform_apply,Criar rede admin com sub-rede,,,,,,,
1,M02,rede,terraform_apply,Criar rede pedagogica com sub-rede,,,,,,,
1,M03,rede,terraform_apply,Criar rede servidores com sub-rede,,,,,,,
1,M04,armazenamento,terraform_apply,Criar os 6 volumes nomeados,,,,,,,
1,M05,seguranca,terraform_apply,Gerar certificado TLS autoassinado do proxy,,,,,,,
1,M06,computacao,terraform_apply,Subir MariaDB com variáveis e volumes,,,,,,,
1,M07,computacao,terraform_apply,Subir Moodle ligado ao MariaDB,,,,,,,
1,M08,computacao,terraform_apply,Escrever a configuração do Nginx (default.conf),,,,,,,
1,M09,computacao,terraform_apply,Subir Nginx; copiar cert e conf; conectar 2a rede,,,,,,,
1,M10,computacao,terraform_apply,Escrever configs e subir Prometheus e Blackbox,,,,,,,
1,M11,computacao,terraform_apply,Subir Grafana e provisionar o datasource,,,,,,,
1,M12,seguranca,ansible_playbook,Gerar certificado LDAPS e subir OpenLDAP com TLS,,,,,,,
1,M13,seguranca,ansible_playbook,Escrever e carregar o LDIF (unidades e grupos),,,,,,,
1,M14,seguranca,ansible_playbook,Aplicar cabeçalhos de segurança no Nginx e recarregar,,,,,,,
1,M15,armazenamento,ansible_playbook,Dump do MariaDB e backup restic com retenção,,,,,,,
1,M16,verificacao,smoke_tests,Executar os testes de fumaça (mesma lista do script),,,,,,,
