run_id,cenario,porte,n,hash_estado_tf,hash_docker
run_01,completo_grande_n03,grande,3,af87a304eeeeb0251157cc12497394b5e393efe07fab3a9eaad9a0abbc081b8d,bee23a971adaf098e07bc29784777609a11029e64dfcf263e4113d5a0e6b8ecc
run_02,completo_grande_n03,grande,3,af87a304eeeeb0251157cc12497394b5e393efe07fab3a9eaad9a0abbc081b8d,bee23a971adaf098e07bc29784777609a11029e64dfcf263e4113d5a0e6b8ecc
run_03,completo_grande_n03,grande,3,af87a304eeeeb0251157cc12497394b5e393efe07fab3a9eaad9a0abbc081b8d,bee23a971adaf098e07bc29784777609a11029e64dfcf263e4113d5a0e6b8ecc
run_04,completo_grande_n03,grande,3,af87a304eeeeb0251157cc12497394b5e393efe07fab3a9eaad9a0abbc081b8d,bee23a971adaf098e07bc29784777609a11029e64dfcf263e4113d5a0e6b8ecc
run_05,completo_grande_n03,grande,3,af87a304eeeeb0251157cc12497394b5e393efe07fab3a9eaad9a0abbc081b8d,bee23a971adaf098e07bc29784777609a11029e64dfcf263e4113d5a0e6b8ecc
run_06,completo_grande_n03,grande,3,af87a304eeeeb0251157cc12497394b5e393efe07fab3a9eaad9a0abbc081b8d,bee23a971adaf098e07bc29784777609a11029e64dfcf263e4113d5a0e6b8ecc
run_07,completo_grande_n03,grande,3,af87a304eeeeb0251157cc12497394b5e393efe07fab3a9eaad9a0abbc081b8d,bee23a971adaf098e07bc29784777609a11029e64dfcf263e4113d5a0e6b8ecc
run_08,completo_grande_n03,grande,3,af87a304eeeeb0251157cc12497394b5e393efe07fab3a9eaad9a0abbc081b8d,bee23a971adaf098e07bc29784777609a11029e64dfcf263e4113d5a0e6b8ecc
run_09,completo_grande_n03,grande,3,af87a304eeeeb0251157cc12497394b5e393efe07fab3a9eaad9a0abbc081b8d,bee23a971adaf098e07bc29784777609a11029e64dfcf263e4113d5a0e6b8ecc
run_10,completo_grande_n03,grande,3,af87a304eeeeb0251157cc12497394b5e393efe07fab3a9eaad9a0abbc081b8d,bee23a971adaf098e07bc29784777609a11029e64dfcf263e4113d5a0e6b8ecc
