run_id,cenario,porte,passo,exit_code
run_01,imperativo_completo_grande_n01,grande,imperativo_rede,1
run_01,imperativo_completo_grande_n01,grande,imperativo_volumes,0
run_01,imperativo_completo_grande_n01,grande,imperativo_ldap,1
run_01,imperativo_completo_grande_n01,grande,imperativo_banco_moodle,125
run_01,imperativo_completo_grande_n01,grande,imperativo_proxy,1
run_01,imperativo_completo_grande_n01,grande,imperativo_monitoramento,1
run_01,imperativo_completo_grande_n01,grande,imperativo_backup,0
run_02,imperativo_completo_grande_n01,grande,imperativo_rede,1
run_02,imperativo_completo_grande_n01,grande,imperativo_volumes,0
run_02,imperativo_completo_grande_n01,grande,imperativo_ldap,1
run_02,imperativo_completo_grande_n01,grande,imperativo_banco_moodle,125
run_02,imperativo_completo_grande_n01,grande,imperativo_proxy,1
run_02,imperativo_completo_grande_n01,grande,imperativo_monitoramento,1
run_02,imperativo_completo_grande_n01,grande,imperativo_backup,0
run_03,imperativo_completo_grande_n01,grande,imperativo_rede,1
run_03,imperativo_completo_grande_n01,grande,imperativo_volumes,0
run_03,imperativo_completo_grande_n01,grande,imperativo_ldap,1
run_03,imperativo_completo_grande_n01,grande,imperativo_banco_moodle,125
run_03,imperativo_completo_grande_n01,grande,imperativo_proxy,1
run_03,imperativo_completo_grande_n01,grande,imperativo_monitoramento,1
run_03,imperativo_completo_grande_n01,grande,imperativo_backup,0
run_04,imperativo_completo_grande_n01,grande,imperativo_rede,1
run_04,imperativo_completo_grande_n01,grande,imperativo_volumes,0
run_04,imperativo_completo_grande_n01,grande,imperativo_ldap,1
run_04,imperativo_completo_grande_n01,grande,imperativo_banco_moodle,125
run_04,imperativo_completo_grande_n01,grande,imperativo_proxy,1
run_04,imperativo_completo_grande_n01,grande,imperativo_monitoramento,1
run_04,imperativo_completo_grande_n01,grande,imperativo_backup,0
run_05,imperativo_completo_grande_n01,grande,imperativo_rede,1
run_05,imperativo_completo_grande_n01,grande,imperativo_volumes,0
run_05,imperativo_completo_grande_n01,grande,imperativo_ldap,1
run_05,imperativo_completo_grande_n01,grande,imperativo_banco_moodle,125
run_05,imperativo_completo_grande_n01,grande,imperativo_proxy,1
run_05,imperativo_completo_grande_n01,grande,imperativo_monitoramento,1
run_05,imperativo_completo_grande_n01,grande,imperativo_backup,0
run_06,imperativo_completo_grande_n01,grande,imperativo_rede,1
run_06,imperativo_completo_grande_n01,grande,imperativo_volumes,0
run_06,imperativo_completo_grande_n01,grande,imperativo_ldap,1
run_06,imperativo_completo_grande_n01,grande,imperativo_banco_moodle,125
run_06,imperativo_completo_grande_n01,grande,imperativo_proxy,1
run_06,imperativo_completo_grande_n01,grande,imperativo_monitoramento,1
run_06,imperativo_completo_grande_n01,grande,imperativo_backup,0
run_07,imperativo_completo_grande_n01,grande,imperativo_rede,1
run_07,imperativo_completo_grande_n01,grande,imperativo_volumes,0
run_07,imperativo_completo_grande_n01,grande,imperativo_ldap,1
run_07,imperativo_completo_grande_n01,grande,imperativo_banco_moodle,125
run_07,imperativo_completo_grande_n01,grande,imperativo_proxy,1
run_07,imperativo_completo_grande_n01,grande,imperativo_monitoramento,1
run_07,imperativo_completo_grande_n01,grande,imperativo_backup,0
run_08,imperativo_completo_grande_n01,grande,imperativo_rede,1
run_08,imperativo_completo_grande_n01,grande,imperativo_volumes,0
run_08,imperativo_completo_grande_n01,grande,imperativo_ldap,1
run_08,imperativo_completo_grande_n01,grande,imperativo_banco_moodle,125
run_08,imperativo_completo_grande_n01,grande,imperativo_proxy,1
run_08,imperativo_completo_grande_n01,grande,imperativo_monitoramento,1
run_08,imperativo_completo_grande_n01,grande,imperativo_backup,0
run_09,imperativo_completo_grande_n01,grande,imperativo_rede,1
run_09,imperativo_completo_grande_n01,grande,imperativo_volumes,0
run_09,imperativo_completo_grande_n01,grande,imperativo_ldap,1
run_09,imperativo_completo_grande_n01,grande,imperativo_banco_moodle,125
run_09,imperativo_completo_grande_n01,grande,imperativo_proxy,1
run_09,imperativo_completo_grande_n01,grande,imperativo_monitoramento,1
run_09,imperativo_completo_grande_n01,grande,imperativo_backup,0
run_10,imperativo_completo_grande_n01,grande,imperativo_rede,1
run_10,imperativo_completo_grande_n01,grande,imperativo_volumes,0
run_10,imperativo_completo_grande_n01,grande,imperativo_ldap,1
run_10,imperativo_completo_grande_n01,grande,imperativo_banco_moodle,125
run_10,imperativo_completo_grande_n01,grande,imperativo_proxy,1
run_10,imperativo_completo_grande_n01,grande,imperativo_monitoramento,1
run_10,imperativo_completo_grande_n01,grande,imperativo_backup,0
