cenario,perfil,prefixo,indice,CO_ENTIDADE,UF,porte,matriculas,laboratorio,equipamentos,internet_aprendizagem,banda_larga,memoria_moodle_mb,cpus,alvos_monitoramento,modo_local_first,backup_frequencia
completo_pequeno_n01,completo,escola01,0,21169969,MA,pequeno,157,0,3,0,0,512,0.5,3,true,semanal
completo_pequeno_n03,completo,escola01,0,21169969,MA,pequeno,157,0,3,0,0,512,0.5,3,true,semanal
completo_pequeno_n03,completo,escola02,1,13005022,AM,pequeno,136,0,0,0,1,512,0.5,1,false,semanal
completo_pequeno_n03,completo,escola03,2,21066701,MA,pequeno,5,0,0,0,0,512,0.5,1,true,semanal
completo_pequeno_n05,completo,escola01,0,21169969,MA,pequeno,157,0,3,0,0,512,0.5,3,true,semanal
completo_pequeno_n05,completo,escola02,1,13005022,AM,pequeno,136,0,0,0,1,512,0.5,1,false,semanal
completo_pequeno_n05,completo,escola03,2,21066701,MA,pequeno,5,0,0,0,0,512,0.5,1,true,semanal
completo_pequeno_n05,completo,escola04,3,15227600,PA,pequeno,61,0,0,0,1,512,0.5,1,false,semanal
completo_pequeno_n05,completo,escola05,4,12033316,AC,pequeno,23,0,0,0,0,512,0.5,1,true,semanal
completo_medio_n01,completo,escola01,0,41127048,PR,medio,671,1,28,1,1,1024,1.0,28,false,diaria
completo_medio_n03,completo,escola01,0,41127048,PR,medio,671,1,28,1,1,1024,1.0,28,false,diaria
completo_medio_n03,completo,escola02,1,28006666,SE,medio,699,1,8,1,1,1024,1.0,8,false,diaria
completo_medio_n03,completo,escola03,2,35289991,SP,medio,698,1,15,1,1,1024,1.0,15,false,diaria
completo_medio_n05,completo,escola01,0,41127048,PR,medio,671,1,28,1,1,1024,1.0,28,false,diaria
completo_medio_n05,completo,escola02,1,28006666,SE,medio,699,1,8,1,1,1024,1.0,8,false,diaria
completo_medio_n05,completo,escola03,2,35289991,SP,medio,698,1,15,1,1,1024,1.0,15,false,diaria
completo_medio_n05,completo,escola04,3,31076775,MG,medio,635,0,0,0,1,1024,1.0,1,false,diaria
completo_medio_n05,completo,escola05,4,21021473,MA,medio,512,0,0,1,1,1024,1.0,1,false,diaria
completo_grande_n01,completo,escola01,0,13081853,AM,grande,841,1,6,1,1,2048,2.0,6,false,12h
completo_grande_n03,completo,escola01,0,13081853,AM,grande,841,1,6,1,1,2048,2.0,6,false,12h
completo_grande_n03,completo,escola02,1,33079323,RJ,grande,1261,1,26,1,1,2048,2.0,26,false,12h
completo_grande_n03,completo,escola03,2,13016776,AM,grande,1484,1,16,0,0,2048,2.0,16,true,12h
completo_grande_n05,completo,escola01,0,13081853,AM,grande,841,1,6,1,1,2048,2.0,6,false,12h
completo_grande_n05,completo,escola02,1,33079323,RJ,grande,1261,1,26,1,1,2048,2.0,26,false,12h
completo_grande_n05,completo,escola03,2,13016776,AM,grande,1484,1,16,0,0,2048,2.0,16,true,12h
completo_grande_n05,completo,escola04,3,31081922,MG,grande,953,1,38,1,1,2048,2.0,38,false,12h
completo_grande_n05,completo,escola05,4,33096848,RJ,grande,1449,1,35,1,1,2048,2.0,35,false,12h
leve_n01,leve,escola01,0,43107125,RS,medio,274,1,30,1,1,,,30,false,diaria
leve_n05,leve,escola01,0,43107125,RS,medio,274,1,30,1,1,,,30,false,diaria
leve_n05,leve,escola02,1,29073251,BA,pequeno,34,0,0,1,1,,,1,false,semanal
leve_n05,leve,escola03,2,23037806,CE,pequeno,136,0,1,1,1,,,1,false,semanal
leve_n05,leve,escola04,3,12040428,AC,pequeno,23,0,0,0,0,,,1,true,semanal
leve_n05,leve,escola05,4,29425751,BA,pequeno,26,0,1,1,1,,,1,false,semanal
leve_n10,leve,escola01,0,43107125,RS,medio,274,1,30,1,1,,,30,false,diaria
leve_n10,leve,escola02,1,29073251,BA,pequeno,34,0,0,1,1,,,1,false,semanal
leve_n10,leve,escola03,2,23037806,CE,pequeno,136,0,1,1,1,,,1,false,semanal
leve_n10,leve,escola04,3,12040428,AC,pequeno,23,0,0,0,0,,,1,true,semanal
leve_n10,leve,escola05,4,29425751,BA,pequeno,26,0,1,1,1,,,1,false,semanal
leve_n10,leve,escola06,5,52076911,GO,pequeno,196,0,3,1,1,,,3,false,semanal
leve_n10,leve,escola07,6,15115712,PA,grande,942,0,1,1,1,,,1,false,12h
leve_n10,leve,escola08,7,33137846,RJ,medio,240,1,22,1,1,,,22,false,diaria
leve_n10,leve,escola09,8,25118420,PB,pequeno,132,0,0,0,0,,,1,true,semanal
leve_n10,leve,escola10,9,22082743,PI,medio,649,0,8,0,1,,,8,false,diaria
leve_n25,leve,escola01,0,43107125,RS,medio,274,1,30,1,1,,,30,false,diaria
leve_n25,leve,escola02,1,29073251,BA,pequeno,34,0,0,1,1,,,1,false,semanal
leve_n25,leve,escola03,2,23037806,CE,pequeno,136,0,1,1,1,,,1,false,semanal
leve_n25,leve,escola04,3,12040428,AC,pequeno,23,0,0,0,0,,,1,true,semanal
leve_n25,leve,escola05,4,29425751,BA,pequeno,26,0,1,1,1,,,1,false,semanal
leve_n25,leve,escola06,5,52076911,GO,pequeno,196,0,3,1,1,,,3,false,semanal
leve_n25,leve,escola07,6,15115712,PA,grande,942,0,1,1,1,,,1,false,12h
leve_n25,leve,escola08,7,33137846,RJ,medio,240,1,22,1,1,,,22,false,diaria
leve_n25,leve,escola09,8,25118420,PB,pequeno,132,0,0,0,0,,,1,true,semanal
leve_n25,leve,escola10,9,22082743,PI,medio,649,0,8,0,1,,,8,false,diaria
leve_n25,leve,escola11,10,29423147,BA,pequeno,52,0,0,0,0,,,1,true,semanal
leve_n25,leve,escola12,11,43113540,RS,medio,536,1,39,1,1,,,39,false,diaria
leve_n25,leve,escola13,12,26140080,PE,pequeno,132,0,1,0,1,,,1,false,semanal
leve_n25,leve,escola14,13,35406260,SP,medio,223,1,19,1,0,,,19,true,diaria
leve_n25,leve,escola15,14,25078992,PB,grande,977,1,36,0,1,,,36,false,12h
leve_n25,leve,escola16,15,31290947,MG,pequeno,17,0,2,1,0,,,2,true,semanal
leve_n25,leve,escola17,16,32016123,ES,medio,611,1,32,1,1,,,32,false,diaria
leve_n25,leve,escola18,17,27054390,AL,pequeno,128,0,1,0,1,,,1,false,semanal
leve_n25,leve,escola19,18,35069358,SP,medio,613,0,0,1,1,,,1,false,diaria
leve_n25,leve,escola20,19,24011100,RN,pequeno,26,0,1,1,1,,,1,false,semanal
leve_n25,leve,escola21,20,13098551,AM,pequeno,83,1,0,0,0,,,1,true,semanal
leve_n25,leve,escola22,21,43089607,RS,pequeno,78,1,6,0,0,,,6,true,semanal
leve_n25,leve,escola23,22,41060997,PR,medio,778,1,96,1,0,,,50,true,diaria
leve_n25,leve,escola24,23,13033930,AM,pequeno,70,0,0,0,0,,,1,true,semanal
leve_n25,leve,escola25,24,21159645,MA,medio,250,0,11,0,1,,,11,false,diaria
leve_n50,leve,escola01,0,43107125,RS,medio,274,1,30,1,1,,,30,false,diaria
leve_n50,leve,escola02,1,29073251,BA,pequeno,34,0,0,1,1,,,1,false,semanal
leve_n50,leve,escola03,2,23037806,CE,pequeno,136,0,1,1,1,,,1,false,semanal
leve_n50,leve,escola04,3,12040428,AC,pequeno,23,0,0,0,0,,,1,true,semanal
leve_n50,leve,escola05,4,29425751,BA,pequeno,26,0,1,1,1,,,1,false,semanal
leve_n50,leve,escola06,5,52076911,GO,pequeno,196,0,3,1,1,,,3,false,semanal
leve_n50,leve,escola07,6,15115712,PA,grande,942,0,1,1,1,,,1,false,12h
leve_n50,leve,escola08,7,33137846,RJ,medio,240,1,22,1,1,,,22,false,diaria
leve_n50,leve,escola09,8,25118420,PB,pequeno,132,0,0,0,0,,,1,true,semanal
leve_n50,leve,escola10,9,22082743,PI,medio,649,0,8,0,1,,,8,false,diaria
leve_n50,leve,escola11,10,29423147,BA,pequeno,52,0,0,0,0,,,1,true,semanal
leve_n50,leve,escola12,11,43113540,RS,medio,536,1,39,1,1,,,39,false,diaria
leve_n50,leve,escola13,12,26140080,PE,pequeno,132,0,1,0,1,,,1,false,semanal
leve_n50,leve,escola14,13,35406260,SP,medio,223,1,19,1,0,,,19,true,diaria
leve_n50,leve,escola15,14,25078992,PB,grande,977,1,36,0,1,,,36,false,12h
leve_n50,leve,escola16,15,31290947,MG,pequeno,17,0,2,1,0,,,2,true,semanal
leve_n50,leve,escola17,16,32016123,ES,medio,611,1,32,1,1,,,32,false,diaria
leve_n50,leve,escola18,17,27054390,AL,pequeno,128,0,1,0,1,,,1,false,semanal
leve_n50,leve,escola19,18,35069358,SP,medio,613,0,0,1,1,,,1,false,diaria
leve_n50,leve,escola20,19,24011100,RN,pequeno,26,0,1,1,1,,,1,false,semanal
leve_n50,leve,escola21,20,13098551,AM,pequeno,83,1,0,0,0,,,1,true,semanal
leve_n50,leve,escola22,21,43089607,RS,pequeno,78,1,6,0,0,,,6,true,semanal
leve_n50,leve,escola23,22,41060997,PR,medio,778,1,96,1,0,,,50,true,diaria
leve_n50,leve,escola24,23,13033930,AM,pequeno,70,0,0,0,0,,,1,true,semanal
leve_n50,leve,escola25,24,21159645,MA,medio,250,0,11,0,1,,,11,false,diaria
leve_n50,leve,escola26,25,27023966,AL,medio,437,0,0,1,1,,,1,false,diaria
leve_n50,leve,escola27,26,53003527,DF,medio,778,0,4,1,1,,,4,false,diaria
leve_n50,leve,escola28,27,33102120,RJ,pequeno,99,0,0,1,0,,,1,true,semanal
leve_n50,leve,escola29,28,23149116,CE,pequeno,135,0,4,1,1,,,4,false,semanal
leve_n50,leve,escola30,29,31220698,MG,medio,414,1,15,1,1,,,15,false,diaria
leve_n50,leve,escola31,30,15572340,PA,pequeno,25,0,0,0,0,,,1,true,semanal
leve_n50,leve,escola32,31,41118049,PR,medio,214,1,20,1,1,,,20,false,diaria
leve_n50,leve,escola33,32,29379180,BA,pequeno,29,0,0,0,0,,,1,true,semanal
leve_n50,leve,escola34,33,50018604,MS,medio,415,1,23,1,1,,,23,false,diaria
leve_n50,leve,escola35,34,13036351,AM,pequeno,43,0,0,0,0,,,1,true,semanal
leve_n50,leve,escola36,35,21035113,MA,medio,426,1,18,0,1,,,18,false,diaria
leve_n50,leve,escola37,36,43180728,RS,pequeno,62,1,30,1,0,,,30,true,semanal
leve_n50,leve,escola38,37,43217761,RS,medio,210,0,0,1,1,,,1,false,diaria
leve_n50,leve,escola39,38,35463917,SP,pequeno,15,0,0,1,1,,,1,false,semanal
leve_n50,leve,escola40,39,15070620,PA,pequeno,31,0,0,0,0,,,1,true,semanal
leve_n50,leve,escola41,40,43296254,RS,pequeno,80,0,10,1,0,,,10,true,semanal
leve_n50,leve,escola42,41,23010630,CE,medio,289,0,1,1,0,,,1,true,diaria
leve_n50,leve,escola43,42,23139374,CE,pequeno,98,0,2,1,1,,,2,false,semanal
leve_n50,leve,escola44,43,22144048,PI,pequeno,41,0,0,1,0,,,1,true,semanal
leve_n50,leve,escola45,44,41386841,PR,pequeno,8,0,0,0,0,,,1,true,semanal
leve_n50,leve,escola46,45,35231459,SP,pequeno,122,0,0,1,1,,,1,false,semanal
leve_n50,leve,escola47,46,15586979,PA,medio,280,1,0,0,1,,,1,false,diaria
leve_n50,leve,escola48,47,41124251,PR,medio,482,1,30,1,0,,,30,true,diaria
leve_n50,leve,escola49,48,35043965,SP,medio,473,0,144,1,1,,,50,false,diaria
leve_n50,leve,escola50,49,29066506,BA,pequeno,94,1,8,1,1,,,8,false,semanal
