run_id,cenario,porte,n,fase,segundos,exit_code,falhas_teste,timestamp
run_01,completo_pequeno_n01,pequeno,1,terraform_apply,15.093,0,,2026-10-07T20:44:25Z
run_01,completo_pequeno_n01,pequeno,1,ansible_playbook,78.358,0,,2026-10-07T20:44:40Z
run_01,completo_pequeno_n01,pequeno,1,smoke_tests,0.153,0,0,2026-10-07T20:45:59Z
run_01,completo_pequeno_n01,pequeno,1,terraform_plan_idempotencia,3.260,0,,2026-10-07T20:45:59Z
run_01,completo_pequeno_n01,pequeno,1,terraform_apply_idempotencia,3.470,0,,2026-10-07T20:46:02Z
run_01,completo_pequeno_n01,pequeno,1,teardown_ansible,4.789,0,,2026-10-07T20:46:06Z
run_01,completo_pequeno_n01,pequeno,1,terraform_destroy,10.903,0,,2026-10-07T20:46:11Z
run_02,completo_pequeno_n01,pequeno,1,terraform_apply,15.059,0,,2026-10-07T20:46:22Z
run_02,completo_pequeno_n01,pequeno,1,ansible_playbook,88.717,0,,2026-10-07T20:46:37Z
run_02,completo_pequeno_n01,pequeno,1,smoke_tests,1.135,0,0,2026-10-07T20:48:06Z
run_02,completo_pequeno_n01,pequeno,1,terraform_plan_idempotencia,3.396,0,,2026-10-07T20:48:07Z
run_02,completo_pequeno_n01,pequeno,1,terraform_apply_idempotencia,3.322,0,,2026-10-07T20:48:10Z
run_02,completo_pequeno_n01,pequeno,1,teardown_ansible,3.284,0,,2026-10-07T20:48:14Z
run_02,completo_pequeno_n01,pequeno,1,terraform_destroy,10.837,0,,2026-10-07T20:48:17Z
run_03,completo_pequeno_n01,pequeno,1,terraform_apply,15.312,0,,2026-10-07T20:48:28Z
run_03,completo_pequeno_n01,pequeno,1,ansible_playbook,77.128,0,,2026-10-07T20:48:43Z
run_03,completo_pequeno_n01,pequeno,1,smoke_tests,0.159,0,0,2026-10-07T20:50:01Z
run_03,completo_pequeno_n01,pequeno,1,terraform_plan_idempotencia,3.449,0,,2026-10-07T20:50:01Z
run_03,completo_pequeno_n01,pequeno,1,terraform_apply_idempotencia,3.465,0,,2026-10-07T20:50:04Z
run_03,completo_pequeno_n01,pequeno,1,teardown_ansible,4.257,0,,2026-10-07T20:50:08Z
run_03,completo_pequeno_n01,pequeno,1,terraform_destroy,11.225,0,,2026-10-07T20:50:12Z
run_04,completo_pequeno_n01,pequeno,1,terraform_apply,10.355,0,,2026-10-07T20:50:24Z
run_04,completo_pequeno_n01,pequeno,1,ansible_playbook,81.979,0,,2026-10-07T20:50:34Z
run_04,completo_pequeno_n01,pequeno,1,smoke_tests,0.157,0,0,2026-10-07T20:51:56Z
run_04,completo_pequeno_n01,pequeno,1,terraform_plan_idempotencia,2.908,0,,2026-10-07T20:51:56Z
run_04,completo_pequeno_n01,pequeno,1,terraform_apply_idempotencia,3.166,0,,2026-10-07T20:51:59Z
run_04,completo_pequeno_n01,pequeno,1,teardown_ansible,4.799,0,,2026-10-07T20:52:03Z
run_04,completo_pequeno_n01,pequeno,1,terraform_destroy,12.296,0,,2026-10-07T20:52:08Z
run_05,completo_pequeno_n01,pequeno,1,terraform_apply,15.506,0,,2026-10-07T20:52:20Z
run_05,completo_pequeno_n01,pequeno,1,ansible_playbook,98.520,0,,2026-10-07T20:52:35Z
run_05,completo_pequeno_n01,pequeno,1,smoke_tests,1.100,0,0,2026-10-07T20:54:14Z
run_05,completo_pequeno_n01,pequeno,1,terraform_plan_idempotencia,2.917,0,,2026-10-07T20:54:15Z
run_05,completo_pequeno_n01,pequeno,1,terraform_apply_idempotencia,3.025,0,,2026-10-07T20:54:18Z
run_05,completo_pequeno_n01,pequeno,1,teardown_ansible,3.135,0,,2026-10-07T20:54:21Z
run_05,completo_pequeno_n01,pequeno,1,terraform_destroy,10.904,0,,2026-10-07T20:54:24Z
run_06,completo_pequeno_n01,pequeno,1,terraform_apply,15.646,0,,2026-10-07T20:54:35Z
run_06,completo_pequeno_n01,pequeno,1,ansible_playbook,98.877,0,,2026-10-07T20:54:51Z
run_06,completo_pequeno_n01,pequeno,1,smoke_tests,0.165,0,0,2026-10-07T20:56:30Z
run_06,completo_pequeno_n01,pequeno,1,terraform_plan_idempotencia,2.941,0,,2026-10-07T20:56:30Z
run_06,completo_pequeno_n01,pequeno,1,terraform_apply_idempotencia,3.052,0,,2026-10-07T20:56:33Z
run_06,completo_pequeno_n01,pequeno,1,teardown_ansible,3.241,0,,2026-10-07T20:56:36Z
run_06,completo_pequeno_n01,pequeno,1,terraform_destroy,10.595,0,,2026-10-07T20:56:40Z
run_07,completo_pequeno_n01,pequeno,1,terraform_apply,15.910,0,,2026-10-07T20:56:50Z
run_07,completo_pequeno_n01,pequeno,1,ansible_playbook,83.315,0,,2026-10-07T20:57:06Z
run_07,completo_pequeno_n01,pequeno,1,smoke_tests,0.145,0,0,2026-10-07T20:58:30Z
run_07,completo_pequeno_n01,pequeno,1,terraform_plan_idempotencia,2.924,0,,2026-10-07T20:58:30Z
run_07,completo_pequeno_n01,pequeno,1,terraform_apply_idempotencia,2.976,0,,2026-10-07T20:58:33Z
run_07,completo_pequeno_n01,pequeno,1,teardown_ansible,3.283,0,,2026-10-07T20:58:36Z
run_07,completo_pequeno_n01,pequeno,1,terraform_destroy,11.844,0,,2026-10-07T20:58:39Z
run_08,completo_pequeno_n01,pequeno,1,terraform_apply,15.801,0,,2026-10-07T20:58:51Z
run_08,completo_pequeno_n01,pequeno,1,ansible_playbook,87.879,0,,2026-10-07T20:59:07Z
run_08,completo_pequeno_n01,pequeno,1,smoke_tests,0.152,0,0,2026-10-07T21:00:35Z
run_08,completo_pequeno_n01,pequeno,1,terraform_plan_idempotencia,2.941,0,,2026-10-07T21:00:35Z
run_08,completo_pequeno_n01,pequeno,1,terraform_apply_idempotencia,2.992,0,,2026-10-07T21:00:38Z
run_08,completo_pequeno_n01,pequeno,1,teardown_ansible,3.484,0,,2026-10-07T21:00:41Z
run_08,completo_pequeno_n01,pequeno,1,terraform_destroy,10.610,0,,2026-10-07T21:00:45Z
run_09,completo_pequeno_n01,pequeno,1,terraform_apply,15.223,0,,2026-10-07T21:00:55Z
run_09,completo_pequeno_n01,pequeno,1,ansible_playbook,77.312,0,,2026-10-07T21:01:11Z
run_09,completo_pequeno_n01,pequeno,1,smoke_tests,0.207,0,0,2026-10-07T21:02:28Z
run_09,completo_pequeno_n01,pequeno,1,terraform_plan_idempotencia,2.982,0,,2026-10-07T21:02:28Z
run_09,completo_pequeno_n01,pequeno,1,terraform_apply_idempotencia,2.993,0,,2026-10-07T21:02:31Z
run_09,completo_pequeno_n01,pequeno,1,teardown_ansible,3.212,0,,2026-10-07T21:02:34Z
run_09,completo_pequeno_n01,pequeno,1,terraform_destroy,10.784,0,,2026-10-07T21:02:38Z
run_10,completo_pequeno_n01,pequeno,1,terraform_apply,10.926,0,,2026-10-07T21:02:48Z
run_10,completo_pequeno_n01,pequeno,1,ansible_playbook,82.541,0,,2026-10-07T21:02:59Z
run_10,completo_pequeno_n01,pequeno,1,smoke_tests,1.103,0,0,2026-10-07T21:04:22Z
run_10,completo_pequeno_n01,pequeno,1,terraform_plan_idempotencia,2.941,0,,2026-10-07T21:04:23Z
run_10,completo_pequeno_n01,pequeno,1,terraform_apply_idempotencia,3.003,0,,2026-10-07T21:04:26Z
run_10,completo_pequeno_n01,pequeno,1,teardown_ansible,3.287,0,,2026-10-07T21:04:29Z
run_10,completo_pequeno_n01,pequeno,1,terraform_destroy,10.728,0,,2026-10-07T21:04:33Z
