repeticao,cenario,descricao,plan_exit_code,detectado,seg_deteccao,seg_remediacao,apply_exit_code,plan_pos_exit_code,timestamp
1,parar_proxy,"Parar o contêiner do proxy",2,sim,3.190,4.493,0,0,2026-10-07T21:04:58Z
1,remover_proxy,"Remover o contêiner do proxy",2,sim,3.178,4.035,0,0,2026-10-07T21:05:09Z
1,reinicio_grafana,"Alterar a política de reinício do Grafana",2,sim,3.240,3.380,0,0,2026-10-07T21:05:20Z
1,memoria_mariadb,"Alterar o limite de memória do MariaDB",2,sim,3.223,3.329,0,2,2026-10-07T21:05:30Z
1,desconectar_rede,"Desconectar o proxy da rede pedagógica",2,sim,3.226,3.564,0,2,2026-10-07T21:05:40Z
1,remover_mariadb_volume,"Remover o contêiner do MariaDB e o volume de dados",2,sim,2.857,14.606,0,0,2026-10-07T21:05:50Z
1,renomear_prometheus,"Renomear o contêiner do Prometheus",2,sim,2.897,3.815,0,0,2026-10-07T21:06:11Z
1,config_interna_nginx,"Editar a configuração do Nginx dentro do contêiner",0,nao,3.252,3.073,0,0,2026-10-07T21:06:21Z
1,rede_extra_grafana,"Conectar o Grafana a uma rede extra",0,nao,2.876,3.390,0,0,2026-10-07T21:06:30Z
1,pausar_prometheus,"Pausar o contêiner do Prometheus",0,nao,3.143,2.977,0,0,2026-10-07T21:06:41Z
2,parar_proxy,"Parar o contêiner do proxy",2,sim,3.216,3.823,0,0,2026-10-07T21:07:15Z
2,remover_proxy,"Remover o contêiner do proxy",2,sim,3.188,3.851,0,0,2026-10-07T21:07:25Z
2,reinicio_grafana,"Alterar a política de reinício do Grafana",2,sim,3.238,3.556,0,0,2026-10-07T21:07:36Z
2,memoria_mariadb,"Alterar o limite de memória do MariaDB",2,sim,3.239,3.464,0,2,2026-10-07T21:07:46Z
2,desconectar_rede,"Desconectar o proxy da rede pedagógica",2,sim,3.250,3.744,0,2,2026-10-07T21:07:56Z
2,remover_mariadb_volume,"Remover o contêiner do MariaDB e o volume de dados",2,sim,3.704,14.952,0,0,2026-10-07T21:08:06Z
2,renomear_prometheus,"Renomear o contêiner do Prometheus",2,sim,2.930,3.840,0,0,2026-10-07T21:08:34Z
2,config_interna_nginx,"Editar a configuração do Nginx dentro do contêiner",0,nao,2.881,3.050,0,0,2026-10-07T21:08:43Z
2,rede_extra_grafana,"Conectar o Grafana a uma rede extra",0,nao,2.890,3.033,0,0,2026-10-07T21:08:52Z
2,pausar_prometheus,"Pausar o contêiner do Prometheus",0,nao,2.864,2.952,0,0,2026-10-07T21:09:02Z
3,parar_proxy,"Parar o contêiner do proxy",2,sim,3.062,4.283,0,0,2026-10-07T21:09:41Z
3,remover_proxy,"Remover o contêiner do proxy",2,sim,3.194,4.463,0,0,2026-10-07T21:09:52Z
3,reinicio_grafana,"Alterar a política de reinício do Grafana",2,sim,3.161,3.447,0,0,2026-10-07T21:10:04Z
3,memoria_mariadb,"Alterar o limite de memória do MariaDB",2,sim,3.236,3.381,0,2,2026-10-07T21:10:13Z
3,desconectar_rede,"Desconectar o proxy da rede pedagógica",2,sim,3.066,3.424,0,2,2026-10-07T21:10:23Z
3,remover_mariadb_volume,"Remover o contêiner do MariaDB e o volume de dados",2,sim,2.932,14.445,0,0,2026-10-07T21:10:33Z
3,renomear_prometheus,"Renomear o contêiner do Prometheus",2,sim,2.914,3.771,0,0,2026-10-07T21:10:54Z
3,config_interna_nginx,"Editar a configuração do Nginx dentro do contêiner",0,nao,2.951,3.018,0,0,2026-10-07T21:11:04Z
3,rede_extra_grafana,"Conectar o Grafana a uma rede extra",0,nao,2.896,3.019,0,0,2026-10-07T21:11:13Z
3,pausar_prometheus,"Pausar o contêiner do Prometheus",0,nao,2.875,2.988,0,0,2026-10-07T21:11:22Z
4,parar_proxy,"Parar o contêiner do proxy",2,sim,3.267,3.666,0,0,2026-10-07T21:11:56Z
4,remover_proxy,"Remover o contêiner do proxy",2,sim,3.193,4.826,0,0,2026-10-07T21:12:06Z
4,reinicio_grafana,"Alterar a política de reinício do Grafana",2,sim,3.096,3.261,0,0,2026-10-07T21:12:18Z
4,memoria_mariadb,"Alterar o limite de memória do MariaDB",2,sim,3.111,3.485,0,2,2026-10-07T21:12:27Z
4,desconectar_rede,"Desconectar o proxy da rede pedagógica",2,sim,3.228,3.439,0,2,2026-10-07T21:12:37Z
4,remover_mariadb_volume,"Remover o contêiner do MariaDB e o volume de dados",2,sim,3.010,14.213,0,0,2026-10-07T21:12:47Z
4,renomear_prometheus,"Renomear o contêiner do Prometheus",2,sim,2.825,3.656,0,0,2026-10-07T21:13:08Z
4,config_interna_nginx,"Editar a configuração do Nginx dentro do contêiner",0,nao,3.143,3.135,0,0,2026-10-07T21:13:17Z
4,rede_extra_grafana,"Conectar o Grafana a uma rede extra",0,nao,2.886,3.031,0,0,2026-10-07T21:13:26Z
4,pausar_prometheus,"Pausar o contêiner do Prometheus",0,nao,2.890,3.006,0,0,2026-10-07T21:13:36Z
5,parar_proxy,"Parar o contêiner do proxy",2,sim,2.953,4.338,0,0,2026-10-07T21:14:09Z
5,remover_proxy,"Remover o contêiner do proxy",2,sim,3.127,4.626,0,0,2026-10-07T21:14:19Z
5,reinicio_grafana,"Alterar a política de reinício do Grafana",2,sim,3.092,3.636,0,0,2026-10-07T21:14:31Z
5,memoria_mariadb,"Alterar o limite de memória do MariaDB",2,sim,3.034,3.264,0,2,2026-10-07T21:14:41Z
5,desconectar_rede,"Desconectar o proxy da rede pedagógica",2,sim,3.216,3.309,0,2,2026-10-07T21:14:50Z
5,remover_mariadb_volume,"Remover o contêiner do MariaDB e o volume de dados",2,sim,2.949,14.391,0,0,2026-10-07T21:15:00Z
5,renomear_prometheus,"Renomear o contêiner do Prometheus",2,sim,2.847,3.763,0,0,2026-10-07T21:15:21Z
5,config_interna_nginx,"Editar a configuração do Nginx dentro do contêiner",0,nao,2.955,2.975,0,0,2026-10-07T21:15:30Z
5,rede_extra_grafana,"Conectar o Grafana a uma rede extra",0,nao,2.909,2.961,0,0,2026-10-07T21:15:39Z
5,pausar_prometheus,"Pausar o contêiner do Prometheus",0,nao,2.864,3.013,0,0,2026-10-07T21:15:48Z
6,parar_proxy,"Parar o contêiner do proxy",2,sim,3.212,3.960,0,0,2026-10-07T21:16:22Z
6,remover_proxy,"Remover o contêiner do proxy",2,sim,3.139,3.825,0,0,2026-10-07T21:16:33Z
6,reinicio_grafana,"Alterar a política de reinício do Grafana",2,sim,3.144,3.387,0,0,2026-10-07T21:16:43Z
6,memoria_mariadb,"Alterar o limite de memória do MariaDB",2,sim,3.103,3.383,0,2,2026-10-07T21:16:53Z
6,desconectar_rede,"Desconectar o proxy da rede pedagógica",2,sim,3.152,3.499,0,2,2026-10-07T21:17:02Z
6,remover_mariadb_volume,"Remover o contêiner do MariaDB e o volume de dados",2,sim,2.855,9.360,0,0,2026-10-07T21:17:12Z
6,renomear_prometheus,"Renomear o contêiner do Prometheus",2,sim,2.894,4.440,0,0,2026-10-07T21:17:28Z
6,config_interna_nginx,"Editar a configuração do Nginx dentro do contêiner",0,nao,2.849,2.979,0,0,2026-10-07T21:17:39Z
6,rede_extra_grafana,"Conectar o Grafana a uma rede extra",0,nao,2.915,3.013,0,0,2026-10-07T21:17:48Z
6,pausar_prometheus,"Pausar o contêiner do Prometheus",0,nao,2.884,3.129,0,0,2026-10-07T21:17:57Z
7,parar_proxy,"Parar o contêiner do proxy",2,sim,3.152,4.173,0,0,2026-10-07T21:18:31Z
7,remover_proxy,"Remover o contêiner do proxy",2,sim,3.203,3.952,0,0,2026-10-07T21:18:42Z
7,reinicio_grafana,"Alterar a política de reinício do Grafana",2,sim,3.186,3.202,0,0,2026-10-07T21:18:53Z
7,memoria_mariadb,"Alterar o limite de memória do MariaDB",2,sim,3.064,3.360,0,2,2026-10-07T21:19:02Z
7,desconectar_rede,"Desconectar o proxy da rede pedagógica",2,sim,3.293,3.475,0,2,2026-10-07T21:19:12Z
7,remover_mariadb_volume,"Remover o contêiner do MariaDB e o volume de dados",2,sim,2.964,14.378,0,0,2026-10-07T21:19:23Z
7,renomear_prometheus,"Renomear o contêiner do Prometheus",2,sim,3.105,4.272,0,0,2026-10-07T21:19:44Z
7,config_interna_nginx,"Editar a configuração do Nginx dentro do contêiner",0,nao,2.862,3.275,0,0,2026-10-07T21:19:54Z
7,rede_extra_grafana,"Conectar o Grafana a uma rede extra",0,nao,3.152,2.988,0,0,2026-10-07T21:20:03Z
7,pausar_prometheus,"Pausar o contêiner do Prometheus",0,nao,2.932,3.010,0,0,2026-10-07T21:20:13Z
8,parar_proxy,"Parar o contêiner do proxy",2,sim,3.238,4.098,0,0,2026-10-07T21:20:45Z
8,remover_proxy,"Remover o contêiner do proxy",2,sim,2.997,3.863,0,0,2026-10-07T21:20:56Z
8,reinicio_grafana,"Alterar a política de reinício do Grafana",2,sim,3.151,3.376,0,0,2026-10-07T21:21:06Z
8,memoria_mariadb,"Alterar o limite de memória do MariaDB",2,sim,3.096,3.267,0,2,2026-10-07T21:21:16Z
8,desconectar_rede,"Desconectar o proxy da rede pedagógica",2,sim,3.267,3.523,0,2,2026-10-07T21:21:25Z
8,remover_mariadb_volume,"Remover o contêiner do MariaDB e o volume de dados",2,sim,3.057,14.967,0,0,2026-10-07T21:21:36Z
8,renomear_prometheus,"Renomear o contêiner do Prometheus",2,sim,2.854,3.586,0,0,2026-10-07T21:22:02Z
8,config_interna_nginx,"Editar a configuração do Nginx dentro do contêiner",0,nao,2.861,2.955,0,0,2026-10-07T21:22:12Z
8,rede_extra_grafana,"Conectar o Grafana a uma rede extra",0,nao,2.866,2.976,0,0,2026-10-07T21:22:20Z
8,pausar_prometheus,"Pausar o contêiner do Prometheus",0,nao,2.818,2.969,0,0,2026-10-07T21:22:29Z
9,parar_proxy,"Parar o contêiner do proxy",2,sim,2.993,3.735,0,0,2026-10-07T21:23:07Z
9,remover_proxy,"Remover o contêiner do proxy",2,sim,3.169,3.599,0,0,2026-10-07T21:23:17Z
9,reinicio_grafana,"Alterar a política de reinício do Grafana",2,sim,2.986,3.308,0,0,2026-10-07T21:23:27Z
9,memoria_mariadb,"Alterar o limite de memória do MariaDB",2,sim,2.954,3.228,0,2,2026-10-07T21:23:37Z
9,desconectar_rede,"Desconectar o proxy da rede pedagógica",2,sim,3.072,3.299,0,2,2026-10-07T21:23:46Z
9,remover_mariadb_volume,"Remover o contêiner do MariaDB e o volume de dados",2,sim,2.844,14.393,0,0,2026-10-07T21:23:56Z
9,renomear_prometheus,"Renomear o contêiner do Prometheus",2,sim,2.868,3.885,0,0,2026-10-07T21:24:17Z
9,config_interna_nginx,"Editar a configuração do Nginx dentro do contêiner",0,nao,2.817,3.133,0,0,2026-10-07T21:24:27Z
9,rede_extra_grafana,"Conectar o Grafana a uma rede extra",0,nao,2.876,2.971,0,0,2026-10-07T21:24:36Z
9,pausar_prometheus,"Pausar o contêiner do Prometheus",0,nao,2.815,3.080,0,0,2026-10-07T21:24:45Z
10,parar_proxy,"Parar o contêiner do proxy",2,sim,2.990,3.605,0,0,2026-10-07T21:25:18Z
10,remover_proxy,"Remover o contêiner do proxy",2,sim,3.116,3.621,0,0,2026-10-07T21:25:29Z
10,reinicio_grafana,"Alterar a política de reinício do Grafana",2,sim,3.137,3.375,0,0,2026-10-07T21:25:39Z
10,memoria_mariadb,"Alterar o limite de memória do MariaDB",2,sim,3.173,3.567,0,2,2026-10-07T21:25:49Z
10,desconectar_rede,"Desconectar o proxy da rede pedagógica",2,sim,3.092,3.483,0,2,2026-10-07T21:25:59Z
10,remover_mariadb_volume,"Remover o contêiner do MariaDB e o volume de dados",2,sim,4.167,19.224,0,0,2026-10-07T21:26:08Z
10,renomear_prometheus,"Renomear o contêiner do Prometheus",2,sim,2.855,3.589,0,0,2026-10-07T21:26:35Z
10,config_interna_nginx,"Editar a configuração do Nginx dentro do contêiner",0,nao,2.989,2.951,0,0,2026-10-07T21:26:45Z
10,rede_extra_grafana,"Conectar o Grafana a uma rede extra",0,nao,2.857,2.964,0,0,2026-10-07T21:26:53Z
10,pausar_prometheus,"Pausar o contêiner do Prometheus",0,nao,2.876,2.987,0,0,2026-10-07T21:27:03Z
