run_id,cenario,porte,n,plan_exit_code,recursos_a_alterar,apply2_adicionados,apply2_alterados,apply2_destruidos
run_01,completo_pequeno_n05,pequeno,5,0,0,0,0,0
run_02,completo_pequeno_n05,pequeno,5,0,0,0,0,0
run_03,completo_pequeno_n05,pequeno,5,0,0,0,0,0
run_04,completo_pequeno_n05,pequeno,5,0,0,0,0,0
run_05,completo_pequeno_n05,pequeno,5,0,0,0,0,0
run_06,completo_pequeno_n05,pequeno,5,0,0,0,0,0
run_07,completo_pequeno_n05,pequeno,5,0,0,0,0,0
run_08,completo_pequeno_n05,pequeno,5,0,0,0,0,0
run_09,completo_pequeno_n05,pequeno,5,0,0,0,0,0
run_10,completo_pequeno_n05,pequeno,5,0,0,0,0,0
