deficiencia,mutacao_aplicada,ferramenta,achados_base,achados_plantada,regras_novas,detectada
senha_texto_puro,sim,tflint,0,2,"terraform_typed_variables;terraform_unused_declarations",sim
senha_texto_puro,sim,trivy,0,0,"",nao
senha_texto_puro,sim,checkov,0,0,"",nao
senha_texto_puro,sim,ansible-lint,1,1,"",nao
senha_texto_puro,sim,gitleaks,0,2,"generic-api-key;github-pat",sim
porta_todas_interfaces,sim,tflint,0,0,"",nao
porta_todas_interfaces,sim,trivy,0,0,"",nao
porta_todas_interfaces,sim,checkov,0,0,"",nao
porta_todas_interfaces,sim,ansible-lint,1,1,"",nao
porta_todas_interfaces,sim,gitleaks,0,0,"",nao
tls_desabilitado,sim,tflint,0,0,"",nao
tls_desabilitado,sim,trivy,0,0,"",nao
tls_desabilitado,sim,checkov,0,0,"",nao
tls_desabilitado,sim,ansible-lint,1,1,"",nao
tls_desabilitado,sim,gitleaks,0,0,"",nao
imagem_sem_versao,sim,tflint,0,0,"",nao
imagem_sem_versao,sim,trivy,0,0,"",nao
imagem_sem_versao,sim,checkov,0,0,"",nao
imagem_sem_versao,sim,ansible-lint,1,1,"",nao
imagem_sem_versao,sim,gitleaks,0,0,"",nao
conteiner_superusuario,sim,tflint,0,0,"",nao
conteiner_superusuario,sim,trivy,0,0,"",nao
conteiner_superusuario,sim,checkov,0,0,"",nao
conteiner_superusuario,sim,ansible-lint,1,1,"",nao
conteiner_superusuario,sim,gitleaks,0,0,"",nao
volume_sem_restricao,sim,tflint,0,0,"",nao
volume_sem_restricao,sim,trivy,0,0,"",nao
volume_sem_restricao,sim,checkov,0,0,"",nao
volume_sem_restricao,sim,ansible-lint,1,1,"",nao
volume_sem_restricao,sim,gitleaks,0,0,"",nao
